feature,importance
R03_mean,0.2255577351805505
R03_std,0.14932820205788133
R04_mean,0.1336457608143477
R03_rms,0.13143310614437537
R01_rms,0.10779777004369567
R01_mean,0.10701147794190549
R04_rms,0.0444758142860537
R04_std,0.04377943274566416
R03_max,0.020002555469582826
R04_max,0.017307522102146266
R01_max,0.015962187493668498
R01_std,0.003329188989443065
n_estop,0.00036924673068530316
