feature,importance
R03_mean,0.21513524209009474
R03_std,0.1830579817839225
R03_rms,0.17261204761271742
R01_mean,0.09505464601876079
R01_rms,0.0901523569153959
R04_mean,0.08392269083518253
R04_rms,0.046968649540348274
R04_std,0.044787165868070494
R03_max,0.030672163105407657
R04_max,0.01722424921368947
R01_max,0.013134682810007238
R01_std,0.006754077725214589
n_estop,0.0005240464811883297
